id,first_name,last_name,email,gender,ip_address
1,Timothy,Banghe,tbanghe0@twitter.com,Male,37.44.109.57
2,Rayshell,Bride,rbride1@economist.com,Female,201.195.126.218
3,Aileen,Bernath,abernath2@senate.gov,Female,16.162.62.6
4,Westbrooke,Brindle,wbrindle3@home.pl,Male,9.222.187.23
5,Sander,Le Page,slepage4@github.io,Male,123.155.214.231
6,Tadeo,Bursnall,tbursnall5@ow.ly,Male,184.9.96.171
7,Blake,Teall,bteall6@stumbleupon.com,Female,164.25.74.225
8,Paco,Mc Curlye,pmccurlye7@skyrock.com,Male,245.46.89.231
9,Pail,Leicester,pleicester8@phoca.cz,Male,49.83.172.196
10,Kiersten,Hamby,khamby9@washington.edu,Female,67.209.198.150
11,Godfrey,Kohtler,gkohtlera@oracle.com,Male,61.129.151.254
12,Barby,Cano,bcanob@flavors.me,Female,235.235.206.249
13,Brendis,Curd,bcurdc@hexun.com,Male,221.99.22.59
14,Jacky,Copestake,jcopestaked@rambler.ru,Female,48.122.195.205
15,Niccolo,Holah,nholahe@toplist.cz,Male,103.208.107.108
16,Timoteo,Izac,tizacf@squidoo.com,Male,232.192.104.80
17,Merola,Godber,mgodberg@telegraph.co.uk,Female,245.65.33.186
18,Pablo,Kall,pkallh@scribd.com,Male,167.147.114.67
19,Aubert,Himsworth,ahimsworthi@businesswire.com,Male,128.243.148.128
20,Daisy,Wellstead,dwellsteadj@epa.gov,Female,228.235.190.164
21,Katharyn,Cheasman,kcheasmank@irs.gov,Female,248.61.149.153
22,Dillon,Withinshaw,dwithinshawl@craigslist.org,Male,22.232.218.109
23,Haskell,Spenceley,hspenceleym@opera.com,Male,152.81.34.5
24,Nonna,Ranvoise,nranvoisen@hhs.gov,Female,178.23.231.179
25,Morgen,Gaiter,mgaitero@macromedia.com,Male,106.93.227.173
26,Liesa,Royl,lroylp@myspace.com,Female,142.91.230.106
27,Case,Boughey,cbougheyq@freewebs.com,Male,186.195.134.14
28,Cherish,Larkby,clarkbyr@harvard.edu,Female,92.197.3.90
29,Peta,Moreman,pmoremans@51.la,Female,137.118.51.222
30,Desiree,Medlin,dmedlint@howstuffworks.com,Female,72.240.235.34
31,Cindi,Smewings,csmewingsu@google.com.au,Female,191.14.241.251
32,Sancho,Leech,sleechv@pagesperso-orange.fr,Male,96.192.151.48
33,Padriac,Chadwell,pchadwellw@shutterfly.com,Male,139.22.60.81
34,Serene,Dowsett,sdowsettx@icq.com,Female,80.15.81.60
35,Oby,Cottie,ocottiey@independent.co.uk,Male,143.85.176.200
36,Donall,Cormode,dcormodez@newsvine.com,Male,160.112.68.22
37,Anthony,Rosendahl,arosendahl10@java.com,Male,30.154.161.216
38,Jamaal,Stairs,jstairs11@thetimes.co.uk,Male,181.155.32.29
39,Keefe,Wannes,kwannes12@msu.edu,Male,39.107.44.35
40,Batsheva,Faltin,bfaltin13@bigcartel.com,Female,54.137.181.119
41,Bettine,Bartozzi,bbartozzi14@howstuffworks.com,Female,6.65.92.102
42,Marcel,Emmanueli,memmanueli15@mediafire.com,Male,15.2.126.192
43,Jennica,Merrett,jmerrett16@webs.com,Female,5.146.98.78
44,Sutherlan,Ferrarone,sferrarone17@telegraph.co.uk,Male,33.24.141.104
45,Yurik,Redmond,yredmond18@webmd.com,Male,249.12.225.172
46,Nessa,Lancley,nlancley19@printfriendly.com,Female,30.50.217.166
47,Baron,Maple,bmaple1a@java.com,Male,51.225.37.190
48,Dawn,Jachimak,djachimak1b@dedecms.com,Female,15.52.65.215
49,Boyce,Gutridge,bgutridge1c@youtube.com,Male,174.215.25.103
50,Rik,Yancey,ryancey1d@aol.com,Male,77.94.186.9
